web-scraper-order,web-scraper-start-url,Product Name,Name,Price,Rating,Reviews,Description,ASIN,Product Description,Manufacturer
1675355229-1,https://www.amazon.in/s?k=bags&page=20&crid=2M096C61O4MLT&qid=1675352188&sprefix=ba%2Caps%2C283&ref=sr_pg_2,Wildcraft 35 ltrs (19 Cms) Casual Backpack(11619-Typo_Blk_Black),,,,,,,,
1675355233-2,https://www.amazon.in/s?k=bags&page=19&crid=2M096C61O4MLT&qid=1675352188&sprefix=ba%2Caps%2C283&ref=sr_pg_2,DZert Clasy Laptop Bag College Bag for Boys Girls 21 L Black,,,,,,,,
1675355233-3,https://www.amazon.in/s?k=bags&page=19&crid=2M096C61O4MLT&qid=1675352188&sprefix=ba%2Caps%2C283&ref=sr_pg_2,TYPIFY ® Girl's Fashion Waterproof Backpack Korean Design Drawstring Chain Travel Bag (Pink),,,,,,,,
1675355233-4,https://www.amazon.in/s?k=bags&page=19&crid=2M096C61O4MLT&qid=1675352188&sprefix=ba%2Caps%2C283&ref=sr_pg_2,"SABUZ BAG 15.6-inch Laptop Computer Briefcase,Water Resistant, Business Bag with Waterproof Zipper,Shoulder Bag Handbag,Compatible with laptop MacBook Notebook,for MeN&Women (GREY)",,,,,,,,
1675355233-5,https://www.amazon.in/s?k=bags&page=19&crid=2M096C61O4MLT&qid=1675352188&sprefix=ba%2Caps%2C283&ref=sr_pg_2,Isle Locada by Hidesign Women's SLING BAG(MARSALA),,,,,,,,
1675355233-6,https://www.amazon.in/s?k=bags&page=19&crid=2M096C61O4MLT&qid=1675352188&sprefix=ba%2Caps%2C283&ref=sr_pg_2,Gear Vintage2 28L Faux Leather Water Resistant Anti Theft Laptop Bag/Backpack for Men/Women-Black,,,,,,,,
1675355233-7,https://www.amazon.in/s?k=bags&page=19&crid=2M096C61O4MLT&qid=1675352188&sprefix=ba%2Caps%2C283&ref=sr_pg_2,ADISA Women Girls Floral Print Round Sling Bag,,,,,,,,
1675355233-8,https://www.amazon.in/s?k=bags&page=19&crid=2M096C61O4MLT&qid=1675352188&sprefix=ba%2Caps%2C283&ref=sr_pg_2,"Bennett Laptop Bag for Men? & Women 15.6 inch, 35 L Water Resistant Bag Laptop Apple / Dell / Lenovo / Asus / Hp / Samsung / Mi / MacBook / Ultrabook / Thinkpad / Ideapad / Surfacepro (Blue)",,,,,,,,
1675355233-9,https://www.amazon.in/s?k=bags&page=19&crid=2M096C61O4MLT&qid=1675352188&sprefix=ba%2Caps%2C283&ref=sr_pg_2,"uppercase Medium 17 Ltrs Vegan Leather (14.6 inch) Laptop Backpack 2300EBP1 3x more water resistant sustainable bags with rain proof zippers for Men, Women, Boys and Girls, 750 Days warranty (Green)",,,,,,,,
1675355233-10,https://www.amazon.in/s?k=bags&page=19&crid=2M096C61O4MLT&qid=1675352188&sprefix=ba%2Caps%2C283&ref=sr_pg_2,Hidesign Women Sling Bag (Black),,,,,,,,
1675355233-11,https://www.amazon.in/s?k=bags&page=19&crid=2M096C61O4MLT&qid=1675352188&sprefix=ba%2Caps%2C283&ref=sr_pg_2,"POLESTAR Space 34 L Bag for College, School, Office, Casual Multipurpose Backpack with 15.6"" Laptop Compartment, Water Resistant, Unisex Design, Stylish & Durable, 1 Year Warranty",,,,,,,,
1675355233-12,https://www.amazon.in/s?k=bags&page=19&crid=2M096C61O4MLT&qid=1675352188&sprefix=ba%2Caps%2C283&ref=sr_pg_2,Wildcraft 44 Ltrs Casual Backpack (11629-Wolf_Blue),,,,,,,,
1675355233-13,https://www.amazon.in/s?k=bags&page=19&crid=2M096C61O4MLT&qid=1675352188&sprefix=ba%2Caps%2C283&ref=sr_pg_2,Lunar's V-Line 35 Ltrs Water Resistant Casual Travel Bagpack/College - School Backpack Bag (Blue) for Men & Women,,,,,,,,
1675355233-14,https://www.amazon.in/s?k=bags&page=19&crid=2M096C61O4MLT&qid=1675352188&sprefix=ba%2Caps%2C283&ref=sr_pg_2,Vector X Polyester Blitz Gym Bag (Grey-Orange),,,,,,,,
1675355233-15,https://www.amazon.in/s?k=bags&page=19&crid=2M096C61O4MLT&qid=1675352188&sprefix=ba%2Caps%2C283&ref=sr_pg_2,American Tourister Ivy Polypropylene 68 cms Black Hardsided Check-in Luggage (FO1 (0) 09 002),,,,,,,,
1675355233-16,https://www.amazon.in/s?k=bags&page=19&crid=2M096C61O4MLT&qid=1675352188&sprefix=ba%2Caps%2C283&ref=sr_pg_2,Wildcraft 60 Ltrs Black Rucksack (8903338073819),,,,,,,,
1675355239-17,https://www.amazon.in/s?k=bags&page=18&crid=2M096C61O4MLT&qid=1675352188&sprefix=ba%2Caps%2C283&ref=sr_pg_2,HP Odyssey Backpack for 15.6-inch Laptop (Grey/Green),,,,,,,,
1675355239-18,https://www.amazon.in/s?k=bags&page=18&crid=2M096C61O4MLT&qid=1675352188&sprefix=ba%2Caps%2C283&ref=sr_pg_2,"PAGWIN Cute Style Female Student Oxford Waterproof Anti Thief School Bags Backpack Girls Daily Backpack Sling Bag (PG-0117, Grey)",,,,,,,,
1675355239-19,https://www.amazon.in/s?k=bags&page=18&crid=2M096C61O4MLT&qid=1675352188&sprefix=ba%2Caps%2C283&ref=sr_pg_2,Wildcraft 45 Ltrs Black Rucksack (8903338073840),,,,,,,,
1675355239-20,https://www.amazon.in/s?k=bags&page=18&crid=2M096C61O4MLT&qid=1675352188&sprefix=ba%2Caps%2C283&ref=sr_pg_2,Genie Flamenco2 Casual Backpacks for Women,,,,,,,,
1675355239-21,https://www.amazon.in/s?k=bags&page=18&crid=2M096C61O4MLT&qid=1675352188&sprefix=ba%2Caps%2C283&ref=sr_pg_2,PrettyKrafts Plastic Travel Toiletry Bag (Pink) Set of 3 Pieces,,,,,,,,
1675355239-22,https://www.amazon.in/s?k=bags&page=18&crid=2M096C61O4MLT&qid=1675352188&sprefix=ba%2Caps%2C283&ref=sr_pg_2,Lavie Women's Beech Satchel Bag | Ladies Purse Handbag,,,,,,,,
1675355239-23,https://www.amazon.in/s?k=bags&page=18&crid=2M096C61O4MLT&qid=1675352188&sprefix=ba%2Caps%2C283&ref=sr_pg_2,"ASHAPURA SUITCASE BAGS Polyester Casual Laptop Backpack, Travel Computer Bag Water Resistant College Work School Bag (Blue)",,,,,,,,
1675355239-24,https://www.amazon.in/s?k=bags&page=18&crid=2M096C61O4MLT&qid=1675352188&sprefix=ba%2Caps%2C283&ref=sr_pg_2,Hidesign Women Sling Bag (Blue),,,,,,,,
1675355239-25,https://www.amazon.in/s?k=bags&page=18&crid=2M096C61O4MLT&qid=1675352188&sprefix=ba%2Caps%2C283&ref=sr_pg_2,"blue tree Cute Kid's Toddler Plush Animal Cartoon Mini Travel Bag Backpack (Super-Man, Blue, 1-6 Years)",,,,,,,,
1675355239-26,https://www.amazon.in/s?k=bags&page=18&crid=2M096C61O4MLT&qid=1675352188&sprefix=ba%2Caps%2C283&ref=sr_pg_2,Lavie Women's Betula Medium Tote Bag | Ladies Purse Handbag,,,,,,,,
1675355239-27,https://www.amazon.in/s?k=bags&page=18&crid=2M096C61O4MLT&qid=1675352188&sprefix=ba%2Caps%2C283&ref=sr_pg_2,"Kuber Industries Women's Handcrafted Embroidered Clutch Bag (Grey, CTKTC034517)",,,,,,,,
1675355239-28,https://www.amazon.in/s?k=bags&page=18&crid=2M096C61O4MLT&qid=1675352188&sprefix=ba%2Caps%2C283&ref=sr_pg_2,Blue Tree Kid's School Bagpack 3-5 Years 11 litres Cartoons Soft Toy Bag Gift for Kids (Spider red),,,,,,,,
1675355239-29,https://www.amazon.in/s?k=bags&page=18&crid=2M096C61O4MLT&qid=1675352188&sprefix=ba%2Caps%2C283&ref=sr_pg_2,"Wildcraft 45 Ltrs Grey and Orange Rucksack (8903338073864), Large",,,,,,,,
1675355239-30,https://www.amazon.in/s?k=bags&page=18&crid=2M096C61O4MLT&qid=1675352188&sprefix=ba%2Caps%2C283&ref=sr_pg_2,KILLER Casual College Bags Munich 29L Trendy Polyester Laptop Backpack,,,,,,,,
1675355239-31,https://www.amazon.in/s?k=bags&page=18&crid=2M096C61O4MLT&qid=1675352188&sprefix=ba%2Caps%2C283&ref=sr_pg_2,Skybags Network Pro 26L Unisex Blue Laptop Bags,,,,,,,,
1675355244-32,https://www.amazon.in/s?k=bags&page=17&crid=2M096C61O4MLT&qid=1675352188&sprefix=ba%2Caps%2C283&ref=sr_pg_2,Hidesign Women Sling Bag (Silver),,,,,,,,
1675355244-33,https://www.amazon.in/s?k=bags&page=17&crid=2M096C61O4MLT&qid=1675352188&sprefix=ba%2Caps%2C283&ref=sr_pg_2,Lunar's Comet 35L Water Resistant Travel Bagpack/College Backpack/School Bag/Office Bag/Business Backpack/Daypack for Men and Women with 1 Year Warranty,,,,,,,,
1675355244-34,https://www.amazon.in/s?k=bags&page=17&crid=2M096C61O4MLT&qid=1675352188&sprefix=ba%2Caps%2C283&ref=sr_pg_2,Truvic Polyster Black Light Weight Laptop Bag 30 ltrs Laptop Backpack for Upto 15.6 inch Laptop (Black),,,,,,,,
1675355244-35,https://www.amazon.in/s?k=bags&page=17&crid=2M096C61O4MLT&qid=1675352188&sprefix=ba%2Caps%2C283&ref=sr_pg_2,ADISA Women Girls Stripes Cross Body Sling Bag,,,,,,,,
1675355244-36,https://www.amazon.in/s?k=bags&page=17&crid=2M096C61O4MLT&qid=1675352188&sprefix=ba%2Caps%2C283&ref=sr_pg_2,"NIVIA ‘Ball Carrying Bag’ for 9 Balls, Polyester, Black",,,,,,,,
1675355244-37,https://www.amazon.in/s?k=bags&page=17&crid=2M096C61O4MLT&qid=1675352188&sprefix=ba%2Caps%2C283&ref=sr_pg_2,Lino Perros Faux Leather Handbag,,,,,,,,
1675355244-38,https://www.amazon.in/s?k=bags&page=17&crid=2M096C61O4MLT&qid=1675352188&sprefix=ba%2Caps%2C283&ref=sr_pg_2,"AirCase Anti-Gravity Backpack for Men & Women, Weight Reducing 15.6” Laptop Bag for Travel & Office, Ergonomic Technology for Posture & Muscle Support, Patent Protected, In-built Shock Absorber",,,,,,,,
1675355244-39,https://www.amazon.in/s?k=bags&page=17&crid=2M096C61O4MLT&qid=1675352188&sprefix=ba%2Caps%2C283&ref=sr_pg_2,"Genie Miami Laptop Backpack for Women, 16 inches Office Bag, Sky Blue Stylish and Trendy Bag for Office and College",,,,,,,,
1675355244-40,https://www.amazon.in/s?k=bags&page=17&crid=2M096C61O4MLT&qid=1675352188&sprefix=ba%2Caps%2C283&ref=sr_pg_2,"jaspo Roller Skating Bag, Quad & Inline Skates (Water Resistant), Casual/Office/College Book Backpack Computer/Laptop Bag for Both Kids & Adults Travel Backpack",,,,,,,,
1675355244-41,https://www.amazon.in/s?k=bags&page=17&crid=2M096C61O4MLT&qid=1675352188&sprefix=ba%2Caps%2C283&ref=sr_pg_2,Alice Bowknot 3-Pieces Fahsion Leather Backpack Backpack Purse for Women Rucksack for Ladies Shoulder Bag//Rakhi gift for Sister,,,,,,,,
1675355244-42,https://www.amazon.in/s?k=bags&page=17&crid=2M096C61O4MLT&qid=1675352188&sprefix=ba%2Caps%2C283&ref=sr_pg_2,"Genie Dottie Casual Backpacks for Women, 18 Ltrs, Water Resistant and Lightweight, Navy Blue, M",,,,,,,,
1675355244-43,https://www.amazon.in/s?k=bags&page=17&crid=2M096C61O4MLT&qid=1675352188&sprefix=ba%2Caps%2C283&ref=sr_pg_2,"Amazon Basics - Laptop Backpack/Travel Backpack/College Bag for 15.6-inch Laptop, Water-Resistant, Stylish Design",,,,,,,,
1675355244-44,https://www.amazon.in/s?k=bags&page=17&crid=2M096C61O4MLT&qid=1675352188&sprefix=ba%2Caps%2C283&ref=sr_pg_2,Gear Vintage2 Anti Theft Faux Leather 18 cms Tan Laptop Backpack,,,,,,,,
1675355244-45,https://www.amazon.in/s?k=bags&page=17&crid=2M096C61O4MLT&qid=1675352188&sprefix=ba%2Caps%2C283&ref=sr_pg_2,Van Heusen womens Sling - textured single color belt,,,,,,,,
1675355244-46,https://www.amazon.in/s?k=bags&page=17&crid=2M096C61O4MLT&qid=1675352188&sprefix=ba%2Caps%2C283&ref=sr_pg_2,"Aurion Durable Vista Bag with Multiple Purposes and Compartments for Men and Women - (24 cm, Olive Green x Blue, 1pc) | Sports Bag | Duffle Bag | Travel Bag | Camping Bag | Kit Bag | Luggage Bag",,,,,,,,
1675355248-47,https://www.amazon.in/s?k=bags&page=16&crid=2M096C61O4MLT&qid=1675352188&sprefix=ba%2Caps%2C283&ref=sr_pg_2,Lino Perros Faux Leather Sling Bag,,,,,,,,
1675355248-48,https://www.amazon.in/s?k=bags&page=16&crid=2M096C61O4MLT&qid=1675352188&sprefix=ba%2Caps%2C283&ref=sr_pg_2,SAFARI 15 Ltrs Denim Blue Casual/School/College Backpack (DAYPACKNEO15CBDNB),,,,,,,,
1675355248-49,https://www.amazon.in/s?k=bags&page=16&crid=2M096C61O4MLT&qid=1675352188&sprefix=ba%2Caps%2C283&ref=sr_pg_2,F Gear Lattitude Blue Navy Orange Sports Waist Bag (3686),,,,,,,,
1675355248-50,https://www.amazon.in/s?k=bags&page=16&crid=2M096C61O4MLT&qid=1675352188&sprefix=ba%2Caps%2C283&ref=sr_pg_2,Wildcraft Work Packs'18 21 Ltrs Black Laptop Backpack (Streak Plus),,,,,,,,
1675355248-51,https://www.amazon.in/s?k=bags&page=16&crid=2M096C61O4MLT&qid=1675352188&sprefix=ba%2Caps%2C283&ref=sr_pg_2,Baggit Women's Sling Bag,,,,,,,,
1675355248-52,https://www.amazon.in/s?k=bags&page=16&crid=2M096C61O4MLT&qid=1675352188&sprefix=ba%2Caps%2C283&ref=sr_pg_2,"AirCase Laptop Messenger Bag Case Cover Pouch for 13.3-Inch, 14-Inch Laptop Bag for Men & Women (Blue)",,,,,,,,
1675355248-53,https://www.amazon.in/s?k=bags&page=16&crid=2M096C61O4MLT&qid=1675352188&sprefix=ba%2Caps%2C283&ref=sr_pg_2,"FATMUG Crossbody Bagpack One Shoulder Chest Sling Bag for Men, Women, Boys & Girls-Casual Daypack, Office, College, Travel, Hiking, Trekking, Cycling, Can hold a 10 inch Tablet, Student Bag-Multicolor",,,,,,,,
1675355248-54,https://www.amazon.in/s?k=bags&page=16&crid=2M096C61O4MLT&qid=1675352188&sprefix=ba%2Caps%2C283&ref=sr_pg_2,"Kuber Industries Large Size Crystal Clear Plastic Cosmetic Bags Travel PVC Vinyl Toiletry Bag, Zipper Large Transparent Waterproof Make-Up Case Organizer Bag (Blue) (F_26_KUBBMART017038)",,,,,,,,
1675355248-55,https://www.amazon.in/s?k=bags&page=16&crid=2M096C61O4MLT&qid=1675352188&sprefix=ba%2Caps%2C283&ref=sr_pg_2,ADISA Women's Quilted Cross Body Sling Bag,,,,,,,,
1675355248-56,https://www.amazon.in/s?k=bags&page=16&crid=2M096C61O4MLT&qid=1675352188&sprefix=ba%2Caps%2C283&ref=sr_pg_2,"Pop It Bag Unicorn Shape Sling Bag Crossbody Bag for Kids, Pop It Bag for Girls, Pop It Fidget Toy Shoulder Bag, Fidget Purse for Kids Stress Relief Toys, Multicolor Random Collection",,,,,,,,
1675355248-57,https://www.amazon.in/s?k=bags&page=16&crid=2M096C61O4MLT&qid=1675352188&sprefix=ba%2Caps%2C283&ref=sr_pg_2,ZOUK Black Printed Handmade Vegan Leather Women's Office Bag for 15.6 inch Laptop with Double Handles - Lattice Lace,,,,,,,,
1675355248-58,https://www.amazon.in/s?k=bags&page=16&crid=2M096C61O4MLT&qid=1675352188&sprefix=ba%2Caps%2C283&ref=sr_pg_2,"Lunar's 35 L Laptop Office/School/Travel/Business Backpack Water Proof - Fits Up to 15.6 Inch Laptop Notebook, With Raincover, Inside Organiser and 1 Year Warranty (All)",,,,,,,,
1675355248-59,https://www.amazon.in/s?k=bags&page=16&crid=2M096C61O4MLT&qid=1675352188&sprefix=ba%2Caps%2C283&ref=sr_pg_2,CRALOFT Polyester Side Bag For Men/Sling Bag/Crossbody Tablet Messenger Bag For Office Business Travel (Extra Spacious),,,,,,,,
1675355248-60,https://www.amazon.in/s?k=bags&page=16&crid=2M096C61O4MLT&qid=1675352188&sprefix=ba%2Caps%2C283&ref=sr_pg_2,wooum Water Resistant Material Sling Bag/One Side Bag/Shoulder Bag/Messenger Bag/Office Messenger Bag/Travel Side Bag with 14.1 Inch Laptop Compartment -,,,,,,,,
1675355248-61,https://www.amazon.in/s?k=bags&page=16&crid=2M096C61O4MLT&qid=1675352188&sprefix=ba%2Caps%2C283&ref=sr_pg_2,PALAY® Stylish Chest Bag for Women Lightweight Crossbody Shoulder Bag Fanny Pack Waist Daypack with Adjustable Strap,,,,,,,,
1675355253-62,https://www.amazon.in/s?k=bags&page=15&crid=2M096C61O4MLT&qid=1675352188&sprefix=ba%2Caps%2C283&ref=sr_pg_2,Terminator Large 55 L Unisex Laptop Backpack For School/Office/Travel/Casual and Fits Upto 17 Inch Laptop,,,,,,,,
1675355253-63,https://www.amazon.in/s?k=bags&page=15&crid=2M096C61O4MLT&qid=1675352188&sprefix=ba%2Caps%2C283&ref=sr_pg_2,Farraige® Cartoon Soft Silicone Bag Crossbody Shoulder Bag Purse Waterproof Anti Fall Stationery Storage Bag Handbag Sweet Birthday Gift for Children Students Girls,,,,,,,,
1675355253-64,https://www.amazon.in/s?k=bags&page=15&crid=2M096C61O4MLT&qid=1675352188&sprefix=ba%2Caps%2C283&ref=sr_pg_2,Mammon Women's PU Leather Handbag Combo,,,,,,,,
1675355253-65,https://www.amazon.in/s?k=bags&page=15&crid=2M096C61O4MLT&qid=1675352188&sprefix=ba%2Caps%2C283&ref=sr_pg_2,DZert Kids School Bag Soft Plush Backpacks Cartoon Boys Girls Baby (2-5 Years),,,,,,,,
1675355253-66,https://www.amazon.in/s?k=bags&page=15&crid=2M096C61O4MLT&qid=1675352188&sprefix=ba%2Caps%2C283&ref=sr_pg_2,DZert Kids School Bag Soft Plush Backpacks Cartoon Boys Girls Baby (2-5 Years),,,,,,,,
1675355253-67,https://www.amazon.in/s?k=bags&page=15&crid=2M096C61O4MLT&qid=1675352188&sprefix=ba%2Caps%2C283&ref=sr_pg_2,DZert Kids School Bag Soft Plush Backpacks Cartoon Boys Girls Baby (2-5 Years),,,,,,,,
1675355253-68,https://www.amazon.in/s?k=bags&page=15&crid=2M096C61O4MLT&qid=1675352188&sprefix=ba%2Caps%2C283&ref=sr_pg_2,"Genie Spritz Daypack 14 inch, Stylish and Trendy College backpacks for girls, Water Resistant and Lightweight Mini Bags for Travelling Purpose. Latest Collection of Backpack for women (Rose)",,,,,,,,
1675355253-69,https://www.amazon.in/s?k=bags&page=15&crid=2M096C61O4MLT&qid=1675352188&sprefix=ba%2Caps%2C283&ref=sr_pg_2,Gear Vintage2 28L Faux Leather Water Resistant Anti Theft Laptop Bag/Backpack for Men/Women-Brown,,,,,,,,
1675355253-70,https://www.amazon.in/s?k=bags&page=15&crid=2M096C61O4MLT&qid=1675352188&sprefix=ba%2Caps%2C283&ref=sr_pg_2,Lunar's Bingo - 48 L Laptop Office/School/Travel/Business Backpack Water Resistant - Fits Up to 15.6 Inch Laptop Notebook with 1 Year Warranty,,,,,,,,
1675355253-71,https://www.amazon.in/s?k=bags&page=15&crid=2M096C61O4MLT&qid=1675352188&sprefix=ba%2Caps%2C283&ref=sr_pg_2,wooum Small Size Sling Cross Body Travel Office Business Messenger one Side Shoulder Pouch Bag Money Bag for Men and Women (9x3.56inch),,,,,,,,
1675355253-72,https://www.amazon.in/s?k=bags&page=15&crid=2M096C61O4MLT&qid=1675352188&sprefix=ba%2Caps%2C283&ref=sr_pg_2,Tabelito® Basic Laptop Bag Sleeve Case Cover Pouch for 15.6 Inch(39.6cm) Laptop Apple / Dell / Lenovo / Asus / Hp / Samsung / Mi / MacBook / Ultrabook / Thinkpad / Ideapad / Surfacepro (Blue),,,,,,,,
1675355253-73,https://www.amazon.in/s?k=bags&page=15&crid=2M096C61O4MLT&qid=1675352188&sprefix=ba%2Caps%2C283&ref=sr_pg_2,"Golden Wolf Laptop Bag Business Anti-theft Backpack with Lock, Water Resistant College School Laptop Backpack with Rain Cover and USB Port Earphone Port, Backpack for 15.6-inch Laptop 25 L Travel Bag for Women and Men Gifts, Light Grey",,,,,,,,
1675355253-74,https://www.amazon.in/s?k=bags&page=15&crid=2M096C61O4MLT&qid=1675352188&sprefix=ba%2Caps%2C283&ref=sr_pg_2,CRAFTS MY DREAM Women's Cross Body (Multicolor) Rose casual sling Bag,,,,,,,,
1675355253-75,https://www.amazon.in/s?k=bags&page=15&crid=2M096C61O4MLT&qid=1675352188&sprefix=ba%2Caps%2C283&ref=sr_pg_2,"Amazon Brand - Solimo Cricket Kit Bag, Black",,,,,,,,
1675355253-76,https://www.amazon.in/s?k=bags&page=15&crid=2M096C61O4MLT&qid=1675352188&sprefix=ba%2Caps%2C283&ref=sr_pg_2,Lavie Women's Marma Dome Sling Bag| Ladies Purse Handbag,,,,,,,,
1675355260-77,https://www.amazon.in/s?k=bags&page=14&crid=2M096C61O4MLT&qid=1675352188&sprefix=ba%2Caps%2C283&ref=sr_pg_2,GOCART WITH G LOGO Laptop Backpack Casual Daypacks Briefcase Convertible Business Travel Rucksack with USB Charging Port Large College School Bookbag Computer Laptop Bag,,,,,,,,
1675355260-78,https://www.amazon.in/s?k=bags&page=14&crid=2M096C61O4MLT&qid=1675352188&sprefix=ba%2Caps%2C283&ref=sr_pg_2,Wildcraft 44 Ltrs Casual Backpack (11629-Wolf_Black),,,,,,,,
1675355260-79,https://www.amazon.in/s?k=bags&page=14&crid=2M096C61O4MLT&qid=1675352188&sprefix=ba%2Caps%2C283&ref=sr_pg_2,"Safari 48 Cms Black Formal/Office/Laptop Backpack With Anti-Theft, Lock, Usb And Rfid (Vault19Cbblk)",,,,,,,,
1675355260-80,https://www.amazon.in/s?k=bags&page=14&crid=2M096C61O4MLT&qid=1675352188&sprefix=ba%2Caps%2C283&ref=sr_pg_2,"Genie Clara Backpack for Women - 3 compartments, Laptop Bags for Girls, Stylish and Trendy College Backpacks for Girls, Water Resistant and Lightweight Bags for Office and Travelling Purpose.",,,,,,,,
1675355260-81,https://www.amazon.in/s?k=bags&page=14&crid=2M096C61O4MLT&qid=1675352188&sprefix=ba%2Caps%2C283&ref=sr_pg_2,Baggit Women's Laptop Bag - Large (Blue),,,,,,,,
1675355260-82,https://www.amazon.in/s?k=bags&page=14&crid=2M096C61O4MLT&qid=1675352188&sprefix=ba%2Caps%2C283&ref=sr_pg_2,"Oscaurt Travel Laptop Backpack, Business High School College Bookbag,Slim Daypack for Women & Men Fit 15.6 Inches Laptop",,,,,,,,
1675355260-83,https://www.amazon.in/s?k=bags&page=14&crid=2M096C61O4MLT&qid=1675352188&sprefix=ba%2Caps%2C283&ref=sr_pg_2,LL LEATHER LAND DESIGNER BAGS Sling Bag_SLG_90,,,,,,,,
1675355260-84,https://www.amazon.in/s?k=bags&page=14&crid=2M096C61O4MLT&qid=1675352188&sprefix=ba%2Caps%2C283&ref=sr_pg_2,POLICE Backpack for Men Casual Laptop Bag Office / Travel / College 30 Ltr Hedge Polyester - Black,,,,,,,,
1675355260-85,https://www.amazon.in/s?k=bags&page=14&crid=2M096C61O4MLT&qid=1675352188&sprefix=ba%2Caps%2C283&ref=sr_pg_2,Shalimar Reusable Grocery/Multipurpose Bags (Blue/Green) (16 x 15 x 5 Inch) - Pack of 2,,,,,,,,
1675355260-86,https://www.amazon.in/s?k=bags&page=14&crid=2M096C61O4MLT&qid=1675352188&sprefix=ba%2Caps%2C283&ref=sr_pg_2,F Gear Yakuza Brown 34 liter Laptop Backpack Sch Bag,,,,,,,,
1675355260-87,https://www.amazon.in/s?k=bags&page=14&crid=2M096C61O4MLT&qid=1675352188&sprefix=ba%2Caps%2C283&ref=sr_pg_2,"Veneer Medium 20 L Laptop Backpack Men Womens Girls Fashion PU Leather Mini Casual Backpack Bags for School, College, Tuition, Office Bag",,,,,,,,
1675355260-88,https://www.amazon.in/s?k=bags&page=14&crid=2M096C61O4MLT&qid=1675352188&sprefix=ba%2Caps%2C283&ref=sr_pg_2,"Bennett Casual Laptop Bag school bags for boys girls 15.6-inch, 25 LTR Office & College bags for mens Water Repellent Backpack for Men & Women (Black)",,,,,,,,
1675355260-89,https://www.amazon.in/s?k=bags&page=14&crid=2M096C61O4MLT&qid=1675352188&sprefix=ba%2Caps%2C283&ref=sr_pg_2,Nelle Harper Women's Handbag,,,,,,,,
1675355260-90,https://www.amazon.in/s?k=bags&page=14&crid=2M096C61O4MLT&qid=1675352188&sprefix=ba%2Caps%2C283&ref=sr_pg_2,Isle Locada by Hidesign Women's SLING BAG(BORDEX/MARSALA),,,,,,,,
1675355260-91,https://www.amazon.in/s?k=bags&page=14&crid=2M096C61O4MLT&qid=1675352188&sprefix=ba%2Caps%2C283&ref=sr_pg_2,Wildcraft 35 Ltrs 18 inch Backpack (11908 Navy_Navy),,,,,,,,
1675355265-92,https://www.amazon.in/s?k=bags&page=13&crid=2M096C61O4MLT&qid=1675352188&sprefix=ba%2Caps%2C283&ref=sr_pg_2,"Eco Right Large Tote Bag for Women with Zip, Stylish Cotton Handbags, Canvas Tote Bags for College",,,,,,,,
1675355265-93,https://www.amazon.in/s?k=bags&page=13&crid=2M096C61O4MLT&qid=1675352188&sprefix=ba%2Caps%2C283&ref=sr_pg_2,"Storite PU Leather 14 inch Laptop Messenger Organizer Bag/Shoulder Sling Office Bag for Men & Women – (37x 27x7 cm,Light Brown)",,,,,,,,
1675355265-94,https://www.amazon.in/s?k=bags&page=13&crid=2M096C61O4MLT&qid=1675352188&sprefix=ba%2Caps%2C283&ref=sr_pg_2,DZert Kids School Bag Soft Plush Backpacks Cartoon Boys Girls Baby (2-5 Years),,,,,,,,
1675355265-95,https://www.amazon.in/s?k=bags&page=13&crid=2M096C61O4MLT&qid=1675352188&sprefix=ba%2Caps%2C283&ref=sr_pg_2,Hammonds Flycatcher Genuine Leather Executive Formal Office Bag | Shoulder Laptop Messenger Bag for Men | MacBook|Notebook Upto 16 Inch| Crossbody Handbags with Shoulder Straps | Brown | LB106BR,,,,,,,,
1675355265-96,https://www.amazon.in/s?k=bags&page=13&crid=2M096C61O4MLT&qid=1675352188&sprefix=ba%2Caps%2C283&ref=sr_pg_2,"AirCase C26 13.3 Inch/14 Inch Messenger Laptop Bag with Shoulder Strap, Water resistant, Handle and 2 Multi Utility Compartments (Black)",,,,,,,,
1675355265-97,https://www.amazon.in/s?k=bags&page=13&crid=2M096C61O4MLT&qid=1675352188&sprefix=ba%2Caps%2C283&ref=sr_pg_2,"Arctic Hunter Mens Small Sling Bag Chest Bag Shoulder Bag Mobile Bag Side Bag with Earphone Port Water Resistant for Everyday Use Small Items and Small Electronic Product,Black",,,,,,,,
1675355265-98,https://www.amazon.in/s?k=bags&page=13&crid=2M096C61O4MLT&qid=1675352188&sprefix=ba%2Caps%2C283&ref=sr_pg_2,Tabelito® Laptop Bag For Men and women Briefcase 15.6 Inch (39.6 cm) Messenger Side Shoulder Travel bags for mens Water Resistant gifts office bag for men,,,,,,,,
1675355265-99,https://www.amazon.in/s?k=bags&page=13&crid=2M096C61O4MLT&qid=1675352188&sprefix=ba%2Caps%2C283&ref=sr_pg_2,ZIBUYU® Tote Handbag for Women Fashion Faux Leather Tote Bag Classic Shoulder Crossbody Bags for Lady Girl Solid Color,,,,,,,,
1675355265-100,https://www.amazon.in/s?k=bags&page=13&crid=2M096C61O4MLT&qid=1675352188&sprefix=ba%2Caps%2C283&ref=sr_pg_2,Lavie Women's Medium Mamo Dome Sling Bag | Ladies Purse Handbag | Crossbody Sling Strap,,,,,,,,
1675355265-101,https://www.amazon.in/s?k=bags&page=13&crid=2M096C61O4MLT&qid=1675352188&sprefix=ba%2Caps%2C283&ref=sr_pg_2,Mi Business Casual 21L Water Resistant Laptop Backpack (Blue),,,,,,,,
1675355265-102,https://www.amazon.in/s?k=bags&page=13&crid=2M096C61O4MLT&qid=1675352188&sprefix=ba%2Caps%2C283&ref=sr_pg_2,Hidesign Women Sling Bag (Blue),,,,,,,,
1675355265-103,https://www.amazon.in/s?k=bags&page=13&crid=2M096C61O4MLT&qid=1675352188&sprefix=ba%2Caps%2C283&ref=sr_pg_2,Blowzy Bags PU Leather 15.6 inch Laptop Shoulder Messenger Sling Office Bag for Men & Women (Tan),,,,,,,,
1675355265-104,https://www.amazon.in/s?k=bags&page=13&crid=2M096C61O4MLT&qid=1675352188&sprefix=ba%2Caps%2C283&ref=sr_pg_2,The Clownfish Trident Series Laptop Briefcase 15.6 inch Laptop Bag Messenger Bag (Dark Brown),,,,,,,,
1675355265-105,https://www.amazon.in/s?k=bags&page=13&crid=2M096C61O4MLT&qid=1675352188&sprefix=ba%2Caps%2C283&ref=sr_pg_2,Half Moon 45L Hammer Waterproof Laptop Travelling Rucksack Trekking Backpack for Travel Journey bags for Men Women Boys & Girls with 17.3inch Laptop Compartment & Rain cover,,,,,,,,
1675355265-106,https://www.amazon.in/s?k=bags&page=13&crid=2M096C61O4MLT&qid=1675352188&sprefix=ba%2Caps%2C283&ref=sr_pg_2,"Bennett Casual Laptop Bag school bags for boys girls 15.6-inch, 25 LTR Office & College bags for mens Water Repellent Backpack for Men & Women (GREY)",,,,,,,,
1675355271-107,https://www.amazon.in/s?k=bags&page=12&crid=2M096C61O4MLT&qid=1675352188&sprefix=ba%2Caps%2C283&ref=sr_pg_2,wooum 15.6 Inch Water Resistance Laptop Messenger Bag/Laptop Briefcase/Laptop Sling bag/Laptop Side Bag for Men and Women (Dark Grey),,,,,,,,
1675355271-108,https://www.amazon.in/s?k=bags&page=12&crid=2M096C61O4MLT&qid=1675352188&sprefix=ba%2Caps%2C283&ref=sr_pg_2,"Storite Stylish Small PU Leather Sling Cross Body Travel Office Messenger One Side Shoulder Bag for Men Women(Brown, 20.5x9x16.5cm)",,,,,,,,
1675355271-109,https://www.amazon.in/s?k=bags&page=12&crid=2M096C61O4MLT&qid=1675352188&sprefix=ba%2Caps%2C283&ref=sr_pg_2,VISMIINTREND Fashion Vegan Leather Anti Theft Backpack Purse Bags for Women and Girls | Sling | Casual | Bagpack | College | Work Bag | Gifts for Women | Gift for Sister | Valentine | Girlfriend | Wife,,,,,,,,
1675355271-110,https://www.amazon.in/s?k=bags&page=12&crid=2M096C61O4MLT&qid=1675352188&sprefix=ba%2Caps%2C283&ref=sr_pg_2,DEIN KLEIDER Nylon Cross Body Travel Mobile Pouch Sling Messenger Bag for Women,,,,,,,,
1675355271-111,https://www.amazon.in/s?k=bags&page=12&crid=2M096C61O4MLT&qid=1675352188&sprefix=ba%2Caps%2C283&ref=sr_pg_2,DIVING DEEP Women Backpack Latest School Bag for Girls (Black),,,,,,,,
1675355271-112,https://www.amazon.in/s?k=bags&page=12&crid=2M096C61O4MLT&qid=1675352188&sprefix=ba%2Caps%2C283&ref=sr_pg_2,Lenovo Casual Laptop Backpack B210 39.62 cm (15.6) -inch Water Repellent Grey,,,,,,,,
1675355271-113,https://www.amazon.in/s?k=bags&page=12&crid=2M096C61O4MLT&qid=1675352188&sprefix=ba%2Caps%2C283&ref=sr_pg_2,"COSMUS Madison waterproof Multipurpose Backpack With laptop compartment , 33L",,,,,,,,
1675355271-114,https://www.amazon.in/s?k=bags&page=12&crid=2M096C61O4MLT&qid=1675352188&sprefix=ba%2Caps%2C283&ref=sr_pg_2,Aristocrat Spark 53cm Polyester Small Red Duffle Bag,,,,,,,,
1675355271-115,https://www.amazon.in/s?k=bags&page=12&crid=2M096C61O4MLT&qid=1675352188&sprefix=ba%2Caps%2C283&ref=sr_pg_2,"House of Quirk Electronics Accessories Organizer Bag, Universal Carry Travel Gadget Bag for Cables, Plug and More, Perfect Size Fits for Pad Phone Charger Hard Disk - Dark Blue",,,,,,,,
1675355271-116,https://www.amazon.in/s?k=bags&page=12&crid=2M096C61O4MLT&qid=1675352188&sprefix=ba%2Caps%2C283&ref=sr_pg_2,Isle Locada by Hidesign Women's SLING BAG(MARSALA/BROWN),,,,,,,,
1675355271-117,https://www.amazon.in/s?k=bags&page=12&crid=2M096C61O4MLT&qid=1675352188&sprefix=ba%2Caps%2C283&ref=sr_pg_2,"PAZZO Alto 40L Casual Backpack - 3 Compartment Travel Backpack, College|School Bag with 1 Year Warranty",,,,,,,,
1675355271-118,https://www.amazon.in/s?k=bags&page=12&crid=2M096C61O4MLT&qid=1675352188&sprefix=ba%2Caps%2C283&ref=sr_pg_2,OPTIMA Laptop Backpack of OPT-262/263/273/274/1395/1396,,,,,,,,
1675355271-119,https://www.amazon.in/s?k=bags&page=12&crid=2M096C61O4MLT&qid=1675352188&sprefix=ba%2Caps%2C283&ref=sr_pg_2,F Gear Trail Sports Waist Bag (Marpat ACV Camo),,,,,,,,
1675355271-120,https://www.amazon.in/s?k=bags&page=12&crid=2M096C61O4MLT&qid=1675352188&sprefix=ba%2Caps%2C283&ref=sr_pg_2,Isle Locada by Hidesign Women's SLING BAG(AUBERGINE/AUBERG),,,,,,,,
1675355271-121,https://www.amazon.in/s?k=bags&page=12&crid=2M096C61O4MLT&qid=1675352188&sprefix=ba%2Caps%2C283&ref=sr_pg_2,Gear Turbo 45L Expandable Water Resistant Antitheft Laptop Bag/Backpack/Briefcase For Men/Women With Raincover (Grey),,,,,,,,
1675355275-122,https://www.amazon.in/s?k=bags&page=11&crid=2M096C61O4MLT&qid=1675352188&sprefix=ba%2Caps%2C283&ref=sr_pg_2,"Mi Step Out 12 L Mini Backpack (Small Size, Sky Blue, Water Repellant)",,,,,,,,
1675355275-123,https://www.amazon.in/s?k=bags&page=11&crid=2M096C61O4MLT&qid=1675352188&sprefix=ba%2Caps%2C283&ref=sr_pg_2,NIVIA Basic Duffle Polyester Bag/ Gym Bags/ Adjustable Shoulder Bag for Men/ Duffle Gym Bags for Men/ Fitness Bag/ Carry Bags/ Sports & Travel Bag/ Sports Kit/ Duffle Bags Travel (Black/Grey),,,,,,,,
1675355275-124,https://www.amazon.in/s?k=bags&page=11&crid=2M096C61O4MLT&qid=1675352188&sprefix=ba%2Caps%2C283&ref=sr_pg_2,Protecta The Professional Laptop Bag Briefcase for Laptops with Screen Size Up to 15.6 Inch (Black & Indian Geometric Print),,,,,,,,
1675355275-125,https://www.amazon.in/s?k=bags&page=11&crid=2M096C61O4MLT&qid=1675352188&sprefix=ba%2Caps%2C283&ref=sr_pg_2,DZert Clasy Laptop Bag College Bag for Boys Girls 21 L Blue White,,,,,,,,
1675355275-126,https://www.amazon.in/s?k=bags&page=11&crid=2M096C61O4MLT&qid=1675352188&sprefix=ba%2Caps%2C283&ref=sr_pg_2,"Arctic Hunter Mens Small Sling Bag Chest Bag Shoulder Bag Mobile Bag Side Bag with Earphone Port Water Resistant for Everyday Use Small Items and Small Electronic Product,Black",,,,,,,,
1675355275-127,https://www.amazon.in/s?k=bags&page=11&crid=2M096C61O4MLT&qid=1675352188&sprefix=ba%2Caps%2C283&ref=sr_pg_2,"AirCase Office Messenger Sling Bag fits upto 15.6"" Laptop/Macbook, Detachable Shoulder Strap, Waterproof, Shockproof, Carry Handle with Spacious Pockets, For Men & Women",,,,,,,,
1675355275-128,https://www.amazon.in/s?k=bags&page=11&crid=2M096C61O4MLT&qid=1675352188&sprefix=ba%2Caps%2C283&ref=sr_pg_2,Storite Stylish Padded Small Nylon Sling Cross Body Travel Office Business Messenger Bag for Men Women (25x16x7.5cm) (Dark Grey),,,,,,,,
1675355275-129,https://www.amazon.in/s?k=bags&page=11&crid=2M096C61O4MLT&qid=1675352188&sprefix=ba%2Caps%2C283&ref=sr_pg_2,Gear Campus1 22L Water Resistant School Bag/ College Bag/ Backpack For Men/Women-Black Royalblue,,,,,,,,
1675355275-130,https://www.amazon.in/s?k=bags&page=11&crid=2M096C61O4MLT&qid=1675352188&sprefix=ba%2Caps%2C283&ref=sr_pg_2,ADISA Women's Sling Bag,,,,,,,,
1675355275-131,https://www.amazon.in/s?k=bags&page=11&crid=2M096C61O4MLT&qid=1675352188&sprefix=ba%2Caps%2C283&ref=sr_pg_2,"Golden Wolf Laptop Bag Anti-theft Backpack with Lock College School Laptop Backpack with Rain Cover Water Resistant Business Backpack with USB Port for 15.6-inch Laptop 25 L Travel Bag for Women and Men Gifts, Dark Grey",,,,,,,,
1675355275-132,https://www.amazon.in/s?k=bags&page=11&crid=2M096C61O4MLT&qid=1675352188&sprefix=ba%2Caps%2C283&ref=sr_pg_2,Kuber Industries Rexine Lightweight Travel Toiletry Bag Shaving Kit with Carrying Strap (Grey) 54KM4283,,,,,,,,
1675355275-133,https://www.amazon.in/s?k=bags&page=11&crid=2M096C61O4MLT&qid=1675352188&sprefix=ba%2Caps%2C283&ref=sr_pg_2,Tommy Hilfiger Polyester 53 cms Navy + White Gym Shoulder Bag (TH/KENDALL0815),,,,,,,,
1675355275-134,https://www.amazon.in/s?k=bags&page=11&crid=2M096C61O4MLT&qid=1675352188&sprefix=ba%2Caps%2C283&ref=sr_pg_2,Gear Eco4 19L Water Resistant School Bag//Backpack/College Bag for Men/Women - Navy Blue,,,,,,,,
1675355275-135,https://www.amazon.in/s?k=bags&page=11&crid=2M096C61O4MLT&qid=1675352188&sprefix=ba%2Caps%2C283&ref=sr_pg_2,"AirCase Sleeve Messenger Bag with Handle & Detachable Shoulder Strap |for Upto 14"" Laptop/ MacBook | 3-in-1 use | 3 Zippered Spacious Pockets | Durable Nylon Padded Fabric, for Men & Women (Black)",,,,,,,,
1675355275-136,https://www.amazon.in/s?k=bags&page=11&crid=2M096C61O4MLT&qid=1675352188&sprefix=ba%2Caps%2C283&ref=sr_pg_2,VISMIINTREND Fashion Vegan Leather Anti Theft Backpack Purse Bags for Women and Girls | Sling | Casual | Bagpack | College | Work Bag | Gifts for Women | Gift for Sister | Valentine | Girlfriend | Wife,,,,,,,,
1675355280-137,https://www.amazon.in/s?k=bags&page=10&crid=2M096C61O4MLT&qid=1675352188&sprefix=ba%2Caps%2C283&ref=sr_pg_2,"FATMUG Laptop Bag For Men - Convertible Backpack For Office And Travel (Dark Grey ,Oxford Fabric)",,,,,,,,
1675355280-138,https://www.amazon.in/s?k=bags&page=10&crid=2M096C61O4MLT&qid=1675352188&sprefix=ba%2Caps%2C283&ref=sr_pg_2,Asus BP1504 39.62 cm (15.6-inch) Laptop Backpack (Dark Grey),,,,,,,,
1675355280-139,https://www.amazon.in/s?k=bags&page=10&crid=2M096C61O4MLT&qid=1675352188&sprefix=ba%2Caps%2C283&ref=sr_pg_2,Lify Women's Retro Large Size Canvas Shoulder Bag Hobo Crossbody Handbag Casual Tote - 1 Piece,,,,,,,,
1675355280-140,https://www.amazon.in/s?k=bags&page=10&crid=2M096C61O4MLT&qid=1675352188&sprefix=ba%2Caps%2C283&ref=sr_pg_2,"AirCase Office Canvas Sling Messenger Bag fits Upto 15.6"" Laptop/ MacBook, PU Leather Handles, Detachable Shoulder Strap, Easy to Clean, for Office/ Travel, Men & Women,Grey- 6 Month Warranty",,,,,,,,
1675355280-141,https://www.amazon.in/s?k=bags&page=10&crid=2M096C61O4MLT&qid=1675352188&sprefix=ba%2Caps%2C283&ref=sr_pg_2,Wesley Milestone 15.6 inch 25 L Casual Waterproof Laptop Backpack/Office Bag/School Bag/College Bag/Business Bag/Unisex Travel Backpack,,,,,,,,
1675355280-142,https://www.amazon.in/s?k=bags&page=10&crid=2M096C61O4MLT&qid=1675352188&sprefix=ba%2Caps%2C283&ref=sr_pg_2,"VIFITKIT Gym Bag for Men & Women, Duffel Bag, Multi-Purpose Bag with Spacious Storage Compartment & Durable Zipper Closure (22.5 litres, Black)",,,,,,,,
1675355280-143,https://www.amazon.in/s?k=bags&page=10&crid=2M096C61O4MLT&qid=1675352188&sprefix=ba%2Caps%2C283&ref=sr_pg_2,Wesley Milestone 15.6 inch 25 L Casual Waterproof Laptop Backpack/Office Bag/School Bag/College Bag/Business Bag/Unisex Travel Backpack (Black),,,,,,,,
1675355280-144,https://www.amazon.in/s?k=bags&page=10&crid=2M096C61O4MLT&qid=1675352188&sprefix=ba%2Caps%2C283&ref=sr_pg_2,Mi Business Casual 21L Water Resistant Laptop Backpack (Dark Grey),,,,,,,,
1675355280-145,https://www.amazon.in/s?k=bags&page=10&crid=2M096C61O4MLT&qid=1675352188&sprefix=ba%2Caps%2C283&ref=sr_pg_2,NIVIA String Bag/Drawstring Bag/Sports Bag Boys/Polyester String Bag/Kit Bags/Drawstring Sports Bag/Dori Backpack/Gym Bag/String Bag Men Waterproof/Drawstring Backpack (Sky Blue),,,,,,,,
1675355280-146,https://www.amazon.in/s?k=bags&page=10&crid=2M096C61O4MLT&qid=1675352188&sprefix=ba%2Caps%2C283&ref=sr_pg_2,"FUR JADEN Anti Theft Number Lock Backpack Bag with 15.6 Inch Laptop Compartment, USB Charging Port & Organizer Pocket for Men Women Boys Girls",,,,,,,,
1675355280-147,https://www.amazon.in/s?k=bags&page=10&crid=2M096C61O4MLT&qid=1675352188&sprefix=ba%2Caps%2C283&ref=sr_pg_2,HP 100 Lightweight Backpack for 15.6-inch Laptop with Elastic and Padded Shoulder Straps (Black),,,,,,,,
1675355280-148,https://www.amazon.in/s?k=bags&page=10&crid=2M096C61O4MLT&qid=1675352188&sprefix=ba%2Caps%2C283&ref=sr_pg_2,"SIDRUM D2 DSLR/SLR Camera Shoulder Bag Case with Adjustable Shoulder Strap, Compatible for Nikon, Canon, Sony Mirrorless Cameras - Waterproof - Breathable - Anti Shock (Grey)",,,,,,,,
1675355280-149,https://www.amazon.in/s?k=bags&page=10&crid=2M096C61O4MLT&qid=1675352188&sprefix=ba%2Caps%2C283&ref=sr_pg_2,Lavie Women's Broxa Flap Over Sling Bag | Ladies Purse Handbag,,,,,,,,
1675355280-150,https://www.amazon.in/s?k=bags&page=10&crid=2M096C61O4MLT&qid=1675352188&sprefix=ba%2Caps%2C283&ref=sr_pg_2,StarX Nylon 15 Cms Gym Bag(Orange Bag_Orange),,,,,,,,
1675355280-151,https://www.amazon.in/s?k=bags&page=10&crid=2M096C61O4MLT&qid=1675352188&sprefix=ba%2Caps%2C283&ref=sr_pg_2,Hidesign Women Sling Bag (Blue),,,,,,,,
1675355285-152,https://www.amazon.in/s?k=bags&page=9&crid=2M096C61O4MLT&qid=1675352188&sprefix=ba%2Caps%2C283&ref=sr_pg_2,"Amazon Brand - Solimo Laptop Backpack for 15.6-inch Laptops (27 litres, Black)",,,,,,,,
1675355285-153,https://www.amazon.in/s?k=bags&page=9&crid=2M096C61O4MLT&qid=1675352188&sprefix=ba%2Caps%2C283&ref=sr_pg_2,"POLESTAR Noble 32 L Bag for College, School, Office, Casual Multipurpose Backpack with 15.6"" Laptop Compartment, Water Resistant, Unisex Design, Stylish & Durable, 1 Year Warranty",,,,,,,,
1675355285-154,https://www.amazon.in/s?k=bags&page=9&crid=2M096C61O4MLT&qid=1675352188&sprefix=ba%2Caps%2C283&ref=sr_pg_2,ADISA Women's & Girls' Sling Bag,,,,,,,,
1675355285-155,https://www.amazon.in/s?k=bags&page=9&crid=2M096C61O4MLT&qid=1675352188&sprefix=ba%2Caps%2C283&ref=sr_pg_2,"Lenovo 15.6"" Professional Backpack, Made in India, Water-resistant,Uncompromised storage, Travel friendly:Fleece-lined PC compartment,Vented,Padded BackPanel & Adjustable shoulder straps,Luggage strap",,,,,,,,
1675355285-156,https://www.amazon.in/s?k=bags&page=9&crid=2M096C61O4MLT&qid=1675352188&sprefix=ba%2Caps%2C283&ref=sr_pg_2,F Gear Tycoon 27 Liters Laptop Backpack Sch Bag(Black),,,,,,,,
1675355285-157,https://www.amazon.in/s?k=bags&page=9&crid=2M096C61O4MLT&qid=1675352188&sprefix=ba%2Caps%2C283&ref=sr_pg_2,Tabelito® Casual 15.6 Inch (39.6 cm) Water Repellent Laptop Backpack Office College School Business Travel Bag Suitable for Men Women Boys & Girls Capacity 25 Litre (Grey),,,,,,,,
1675355285-158,https://www.amazon.in/s?k=bags&page=9&crid=2M096C61O4MLT&qid=1675352188&sprefix=ba%2Caps%2C283&ref=sr_pg_2,American Tourister Polypropylene Hard 68 cms Luggage- Suitcase(LG4 (0) 08 002_Iron Grey),,,,,,,,
1675355285-159,https://www.amazon.in/s?k=bags&page=9&crid=2M096C61O4MLT&qid=1675352188&sprefix=ba%2Caps%2C283&ref=sr_pg_2,"Chic Buddy Waterproof Wet Bag, Washable, Reusable for Travel, Beach, Pool, Stroller, Diapers, Dirty Gym Clothes, Wet Swimsuits, Toiletries",,,,,,,,
1675355285-160,https://www.amazon.in/s?k=bags&page=9&crid=2M096C61O4MLT&qid=1675352188&sprefix=ba%2Caps%2C283&ref=sr_pg_2,"FUR JADEN 15.6 Inch Smart Laptop Backpack Bag With USB Charging Port, Anti Theft Pocket and Accessories Organiser for Men Women Boys Girls",,,,,,,,
1675355285-161,https://www.amazon.in/s?k=bags&page=9&crid=2M096C61O4MLT&qid=1675352188&sprefix=ba%2Caps%2C283&ref=sr_pg_2,"Chic Buddy Waterproof Wet Bag, Washable, Reusable for Travel, Beach, Pool, Stroller, Diapers, Dirty Gym Clothes, Wet Swimsuits, Toiletries",,,,,,,,
1675355285-162,https://www.amazon.in/s?k=bags&page=9&crid=2M096C61O4MLT&qid=1675352188&sprefix=ba%2Caps%2C283&ref=sr_pg_2,Gear Moderneco5 21L Water Resistant School Bag/Backpack/College Bag For Men/Women - Navyblue,,,,,,,,
1675355285-163,https://www.amazon.in/s?k=bags&page=9&crid=2M096C61O4MLT&qid=1675352188&sprefix=ba%2Caps%2C283&ref=sr_pg_2,AUXTER Red Polyester Avenger Captain America Shield school Bag casual Backpack Daypack,,,,,,,,
1675355285-164,https://www.amazon.in/s?k=bags&page=9&crid=2M096C61O4MLT&qid=1675352188&sprefix=ba%2Caps%2C283&ref=sr_pg_2,Red Lemon Polyester Bange Series 15.6inch Laptop Bag for Men 35 LTR Capacity Daily Office Bag for Men and Women Black (1903),,,,,,,,
1675355285-165,https://www.amazon.in/s?k=bags&page=9&crid=2M096C61O4MLT&qid=1675352188&sprefix=ba%2Caps%2C283&ref=sr_pg_2,wooum Water Resisitance Sling Cross Body Bag/One Side Bag/Shoulder Bag/Office Business Messenger Bag/Money Bag for Men and Women - Blue,,,,,,,,
1675355285-166,https://www.amazon.in/s?k=bags&page=9&crid=2M096C61O4MLT&qid=1675352188&sprefix=ba%2Caps%2C283&ref=sr_pg_2,Gear Classic 20L Faux Leather Water Resistant Anti Theft Laptop Bag/Backpack for Men/Women-Tan,,,,,,,,
1675355291-167,https://www.amazon.in/s?k=bags&page=8&crid=2M096C61O4MLT&qid=1675352188&sprefix=ba%2Caps%2C283&ref=sr_pg_2,F Gear String 13 Ltr Gym Bag (Black),,,,,,,,
1675355291-168,https://www.amazon.in/s?k=bags&page=8&crid=2M096C61O4MLT&qid=1675352188&sprefix=ba%2Caps%2C283&ref=sr_pg_2,Dein Kleider Nylon Sling Cross Body Utility Travel Office Business Messenger one Side Shoulder Bag for Men and Women,,,,,,,,
1675355291-169,https://www.amazon.in/s?k=bags&page=8&crid=2M096C61O4MLT&qid=1675352188&sprefix=ba%2Caps%2C283&ref=sr_pg_2,"Pigeon Breast Milk Storage Bag,Secure Seal & easy Storage,Hygienic Breast Milk Storage,Leak Proof,Zipper Zeal Breast Milk Storage,5 pcs",,,,,,,,
1675355291-170,https://www.amazon.in/s?k=bags&page=8&crid=2M096C61O4MLT&qid=1675352188&sprefix=ba%2Caps%2C283&ref=sr_pg_2,Tommy Hilfiger Joshua 15 inch 21 Ltrs Light Grey Laptop Backpack (TH/JOSHUALAP07),,,,,,,,
1675355291-171,https://www.amazon.in/s?k=bags&page=8&crid=2M096C61O4MLT&qid=1675352188&sprefix=ba%2Caps%2C283&ref=sr_pg_2,TULMAN Canvas Travel Sling Bag Cross Body One side Shoulder College Bag for Men & Women - 30 x 13 x 26 CM - Olive Green,,,,,,,,
1675355291-172,https://www.amazon.in/s?k=bags&page=8&crid=2M096C61O4MLT&qid=1675352188&sprefix=ba%2Caps%2C283&ref=sr_pg_2,BROGBUS Leather Men Bag Business Messenger,,,,,,,,
1675355291-173,https://www.amazon.in/s?k=bags&page=8&crid=2M096C61O4MLT&qid=1675352188&sprefix=ba%2Caps%2C283&ref=sr_pg_2,F Gear Enzo Sports Waist Bag (.Red),,,,,,,,
1675355291-174,https://www.amazon.in/s?k=bags&page=8&crid=2M096C61O4MLT&qid=1675352188&sprefix=ba%2Caps%2C283&ref=sr_pg_2,"Wesley Milestone 2.0 Casual Waterproof Laptop Backpack/Office Bag/School Bag/College Bag/Business Bag/Travel Backpack (Dimensions:13x18 inches) (Compatible with 39.62cm(15.6inch laptop) 30 L, Charcoal black",,,,,,,,
1675355291-175,https://www.amazon.in/s?k=bags&page=8&crid=2M096C61O4MLT&qid=1675352188&sprefix=ba%2Caps%2C283&ref=sr_pg_2,motherly 25 ltrs (25 Cms) backpack(5860_grey),,,,,,,,
1675355291-176,https://www.amazon.in/s?k=bags&page=8&crid=2M096C61O4MLT&qid=1675352188&sprefix=ba%2Caps%2C283&ref=sr_pg_2,"Tabelito® Casual Laptop Bag 15.6inch (39.6 cm) , 25 LTR Office College School Bags Business Travel Backpack for Men Women Water Resistant Bags(BLACK)",,,,,,,,
1675355291-177,https://www.amazon.in/s?k=bags&page=8&crid=2M096C61O4MLT&qid=1675352188&sprefix=ba%2Caps%2C283&ref=sr_pg_2,F Gear Enzo Sports Waist Bag (.Black Blue),,,,,,,,
1675355291-178,https://www.amazon.in/s?k=bags&page=8&crid=2M096C61O4MLT&qid=1675352188&sprefix=ba%2Caps%2C283&ref=sr_pg_2,"Trajectory Sigma Brown Elegant Vegan Leather Crossbody Messenger Office Bag for upto 15.6 Inch Laptop , MacBook , Notebook with Multiple Compartment Shoulder & Handbag for Men & Women with 2 Years Warranty",,,,,,,,
1675355291-179,https://www.amazon.in/s?k=bags&page=8&crid=2M096C61O4MLT&qid=1675352188&sprefix=ba%2Caps%2C283&ref=sr_pg_2,"POLESTAR Noble 32 L Bag for College, School, Office, Casual Multipurpose Backpack with 15.6"" Laptop Compartment, Water Resistant, Unisex Design, Stylish & Durable, 1 Year Warranty",,,,,,,,
1675355291-180,https://www.amazon.in/s?k=bags&page=8&crid=2M096C61O4MLT&qid=1675352188&sprefix=ba%2Caps%2C283&ref=sr_pg_2,ASTRID Women's 17'' Black and White Textured Laptop Bag With Accessory Pouch,,,,,,,,
1675355291-181,https://www.amazon.in/s?k=bags&page=8&crid=2M096C61O4MLT&qid=1675352188&sprefix=ba%2Caps%2C283&ref=sr_pg_2,Gear Classic 20L Faux Leather Water Resistant Anti Theft Laptop Bag/Backpack for Men/Women-Black,,,,,,,,
1675355298-182,https://www.amazon.in/s?k=bags&page=7&crid=2M096C61O4MLT&qid=1675352188&sprefix=ba%2Caps%2C283&ref=sr_pg_2,Lavie Women's Malnov Tote Bag | Ladies Purse Handbag,,,,,,,,
1675355298-183,https://www.amazon.in/s?k=bags&page=7&crid=2M096C61O4MLT&qid=1675352188&sprefix=ba%2Caps%2C283&ref=sr_pg_2,American Tourister Jamaica 80CM Wine RED Soft Suitcase,,,,,,,,
1675355298-184,https://www.amazon.in/s?k=bags&page=7&crid=2M096C61O4MLT&qid=1675352188&sprefix=ba%2Caps%2C283&ref=sr_pg_2,ZIPLINE Unisex Casual Polyester 36 L Backpack School Bag Women Men Boys Girls Children Daypack College Bag Book School Sports Bag Weekend Bag,,,,,,,,
1675355298-185,https://www.amazon.in/s?k=bags&page=7&crid=2M096C61O4MLT&qid=1675352188&sprefix=ba%2Caps%2C283&ref=sr_pg_2,"Osaka Pro Series-11 Waterproof DSLR Backpack Camera Bag, Lens Accessories Carry Case for Nikon, Canon, Olympus, Pentax & Others-Made in India",,,,,,,,
1675355298-186,https://www.amazon.in/s?k=bags&page=7&crid=2M096C61O4MLT&qid=1675352188&sprefix=ba%2Caps%2C283&ref=sr_pg_2,"Fur Jaden 15.6 Inch Laptop Backpack 25 LTR Bag for School, College and Office with USB Charging Port",,,,,,,,
1675355298-187,https://www.amazon.in/s?k=bags&page=7&crid=2M096C61O4MLT&qid=1675352188&sprefix=ba%2Caps%2C283&ref=sr_pg_2,Fostelo Handbag For Women And Girls | Ladies Purse Faux Leather Satchel Bag | Woman Gifts | Wedding Gifts For Women | Women 2 Compartments Bag | Travel Purse Hobo Bag | 4 Pockets Shoulder Bag,,,,,,,,
1675355298-188,https://www.amazon.in/s?k=bags&page=7&crid=2M096C61O4MLT&qid=1675352188&sprefix=ba%2Caps%2C283&ref=sr_pg_2,TRAWOC 80L Travel Backpack for Outdoor Sport Camp Hiking Trekking Bag Camping Rucksack HK007-PARENT,,,,,,,,
1675355298-189,https://www.amazon.in/s?k=bags&page=7&crid=2M096C61O4MLT&qid=1675352188&sprefix=ba%2Caps%2C283&ref=sr_pg_2,EAYIRA Hanging Travel Toiletry Kit Bag Cosmetic Make up Organizer Multifunction Portable Makeup Pouch for Women and Girls Waterproof Ladies Case Travelling Storage Inner Ware Up Brush Kit Holder,,,,,,,,
1675355298-190,https://www.amazon.in/s?k=bags&page=7&crid=2M096C61O4MLT&qid=1675352188&sprefix=ba%2Caps%2C283&ref=sr_pg_2,PALAY Women's Small Cross-Body Phone Bag Stylish PU Leather Mobile Cell Phone Holder Pocket Purse Wallet Sling Bag Mini Shoulder Bags,,,,,,,,
1675355298-191,https://www.amazon.in/s?k=bags&page=7&crid=2M096C61O4MLT&qid=1675352188&sprefix=ba%2Caps%2C283&ref=sr_pg_2,Gear Casual Backpack,,,,,,,,
1675355298-192,https://www.amazon.in/s?k=bags&page=7&crid=2M096C61O4MLT&qid=1675352188&sprefix=ba%2Caps%2C283&ref=sr_pg_2,Gear Superior 16LWater Resistant School Bag//Backpack/College Bag for Men/Women - Black,,,,,,,,
1675355298-193,https://www.amazon.in/s?k=bags&page=7&crid=2M096C61O4MLT&qid=1675352188&sprefix=ba%2Caps%2C283&ref=sr_pg_2,Wesley office Laptop Bag briefcase notebook professional business 15.6 Inch Briefcase messenger sling Water resistant Laptop Bag Tablet Business Carrying Handbag for Women and Men (Charcoal Black),,,,,,,,
1675355298-194,https://www.amazon.in/s?k=bags&page=7&crid=2M096C61O4MLT&qid=1675352188&sprefix=ba%2Caps%2C283&ref=sr_pg_2,"Genie Camellia School Bag for Girls, 17 inch Backpack for Women, 3 compartments Water Resistant Stylish and Trendy College Backpacks for Girls",,,,,,,,
1675355298-195,https://www.amazon.in/s?k=bags&page=7&crid=2M096C61O4MLT&qid=1675352188&sprefix=ba%2Caps%2C283&ref=sr_pg_2,Alifiya Polyester MacBook Laptop Sleeve Bag 16 Inch with Charger Pouch (Grey_L26),,,,,,,,
1675355298-196,https://www.amazon.in/s?k=bags&page=7&crid=2M096C61O4MLT&qid=1675352188&sprefix=ba%2Caps%2C283&ref=sr_pg_2,Arctic Fox 15 Liters Draw String Bag Lavender Backpack,,,,,,,,
1675355303-197,https://www.amazon.in/s?k=bags&page=6&crid=2M096C61O4MLT&qid=1675352188&sprefix=ba%2Caps%2C283&ref=sr_pg_2,Amazon Brand - Eden & Ivy Women's Sling Bag,,,,,,,,
1675355303-198,https://www.amazon.in/s?k=bags&page=6&crid=2M096C61O4MLT&qid=1675352188&sprefix=ba%2Caps%2C283&ref=sr_pg_2,ASTRID Women's Round Sling Bag with Pompoms (Brown),,,,,,,,
1675355303-199,https://www.amazon.in/s?k=bags&page=6&crid=2M096C61O4MLT&qid=1675352188&sprefix=ba%2Caps%2C283&ref=sr_pg_2,Lenovo Casual Laptop Backpack B210 15.6-inch(39.6cm) Water Repellent Black,,,,,,,,
1675355303-200,https://www.amazon.in/s?k=bags&page=6&crid=2M096C61O4MLT&qid=1675352188&sprefix=ba%2Caps%2C283&ref=sr_pg_2,Baggit Women's PEPSI Sling Bag,,,,,,,,
1675355303-201,https://www.amazon.in/s?k=bags&page=6&crid=2M096C61O4MLT&qid=1675352188&sprefix=ba%2Caps%2C283&ref=sr_pg_2,"House of Quirk Hanging Travel Toiletry Bag, Waterproof Dopp Kit for Shaving Makeup Accessories, Men Cosmetic Organizer with Large Capacity, for Gym, Camping - Black",,,,,,,,
1675355303-202,https://www.amazon.in/s?k=bags&page=6&crid=2M096C61O4MLT&qid=1675352188&sprefix=ba%2Caps%2C283&ref=sr_pg_2,PALAY® Crossbody Phone Bags For Women 3 Layers Small Multifunctional Mobile Pouch Sling Bags For Girls Latest Travel Cell Phone Purses Pouch Sport Shoulder Bag,,,,,,,,
1675355303-203,https://www.amazon.in/s?k=bags&page=6&crid=2M096C61O4MLT&qid=1675352188&sprefix=ba%2Caps%2C283&ref=sr_pg_2,Northzone Casual Waterproof Laptop Backpack/Office Bag/School Bag/College Bag/Business Bag/Travel Backpack (Dimensions:13x18 inches) (Compatible with 39.62cm(15.6inch laptop) 30 L,,,,,,,,
1675355303-204,https://www.amazon.in/s?k=bags&page=6&crid=2M096C61O4MLT&qid=1675352188&sprefix=ba%2Caps%2C283&ref=sr_pg_2,Artistix 25 ltrs (30 cms)backpack(Talon_40cm_black),,,,,,,,
1675355303-205,https://www.amazon.in/s?k=bags&page=6&crid=2M096C61O4MLT&qid=1675352188&sprefix=ba%2Caps%2C283&ref=sr_pg_2,Nivia Polyester String Bag,,,,,,,,
1675355303-206,https://www.amazon.in/s?k=bags&page=6&crid=2M096C61O4MLT&qid=1675352188&sprefix=ba%2Caps%2C283&ref=sr_pg_2,"R for Rabbit Caramello Delight Diaper Bag Backpack -Multi-Function Waterproof Mother Bag for Travel with Baby - Large Capacity, Durable and Stylish.(Grey Black)",,,,,,,,
1675355303-207,https://www.amazon.in/s?k=bags&page=6&crid=2M096C61O4MLT&qid=1675352188&sprefix=ba%2Caps%2C283&ref=sr_pg_2,Baggit Women's Sling Bag (Grey),,,,,,,,
1675355303-208,https://www.amazon.in/s?k=bags&page=6&crid=2M096C61O4MLT&qid=1675352188&sprefix=ba%2Caps%2C283&ref=sr_pg_2,"HOT DELIVERY BAGS Insulated and Waterproof Door Hanging Bag for Milk Sachets and Bottles Storage, Durable and Light Weight (Sea Green)",,,,,,,,
1675355303-209,https://www.amazon.in/s?k=bags&page=6&crid=2M096C61O4MLT&qid=1675352188&sprefix=ba%2Caps%2C283&ref=sr_pg_2,"F Gear Blow Laptop Backpack With Rain Cover 32 Liters (Black,Grey) Sch Bag",,,,,,,,
1675355303-210,https://www.amazon.in/s?k=bags&page=6&crid=2M096C61O4MLT&qid=1675352188&sprefix=ba%2Caps%2C283&ref=sr_pg_2,Red Lemon Swisslook Polyester Bange Series 45L 15.6-inch Laptop Bags Backpack for Men and Women Waterproof USB Anti Theft Travel Backpack,,,,,,,,
1675355303-211,https://www.amazon.in/s?k=bags&page=6&crid=2M096C61O4MLT&qid=1675352188&sprefix=ba%2Caps%2C283&ref=sr_pg_2,ALIZA Women's Tote Bag,,,,,,,,
1675355308-212,https://www.amazon.in/s?k=bags&page=5&crid=2M096C61O4MLT&qid=1675352188&sprefix=ba%2Caps%2C283&ref=sr_pg_2,Half Moon Strike 35L Unisex Spacious School/ Laptop/ College/ Office Travel Backpack Bag for Men Women Boys & Girls with 15.6 inch Padded Laptop Compartment & Multiple Pockets,,,,,,,,
1675355308-213,https://www.amazon.in/s?k=bags&page=5&crid=2M096C61O4MLT&qid=1675352188&sprefix=ba%2Caps%2C283&ref=sr_pg_2,Kuber Industries Travel Toiletry Bag|Undergarments Organizer Bag|Makeup Bags|Transparent Shaving Bag for Men|Water Resistant with Zipper and Handle|Set of 2 (Cream),,,,,,,,
1675355308-214,https://www.amazon.in/s?k=bags&page=5&crid=2M096C61O4MLT&qid=1675352188&sprefix=ba%2Caps%2C283&ref=sr_pg_2,"Genie Unicorn School Bags for Girls - 3 compartments | Stylish and Trendy College Bag for Girls | Easy to Carry Backpacks for Women, Unicorn design. Latest Collection. (Pink)",,,,,,,,
1675355308-215,https://www.amazon.in/s?k=bags&page=5&crid=2M096C61O4MLT&qid=1675352188&sprefix=ba%2Caps%2C283&ref=sr_pg_2,Gear CarryOn 16L Foldable Water Resistant School Bag//Backpack/College Bag for Men/Women - Blue Black,,,,,,,,
1675355308-216,https://www.amazon.in/s?k=bags&page=5&crid=2M096C61O4MLT&qid=1675352188&sprefix=ba%2Caps%2C283&ref=sr_pg_2,Bagneeds Men's Black Synthetic Leather Briefcase Best Laptop Messenger Bag Satchel for Men,,,,,,,,
1675355308-217,https://www.amazon.in/s?k=bags&page=5&crid=2M096C61O4MLT&qid=1675352188&sprefix=ba%2Caps%2C283&ref=sr_pg_2,"Tabelito® Casual Laptop Bag 15.6-inch(39.6cm), 25 LTR Water Repellent Backpack Office College School Business Travel Bags for Men Women Boys & Girls (Blue)",,,,,,,,
1675355308-218,https://www.amazon.in/s?k=bags&page=5&crid=2M096C61O4MLT&qid=1675352188&sprefix=ba%2Caps%2C283&ref=sr_pg_2,Half Moon 30L Waterproof 15.6 inch Laptop Office School College Bag Backpack for Men Women Boys & Girls,,,,,,,,
1675355308-219,https://www.amazon.in/s?k=bags&page=5&crid=2M096C61O4MLT&qid=1675352188&sprefix=ba%2Caps%2C283&ref=sr_pg_2,Fostelo Handbag For Women And Girls | Ladies Purse Faux Leather Satchel Bag | Woman Gifts | Wedding Gifts For Women | Women 3 Compartments Bag | Travel Purse Hobo Bag | 5 Pockets Shoulder Bag,,,,,,,,
1675355308-220,https://www.amazon.in/s?k=bags&page=5&crid=2M096C61O4MLT&qid=1675352188&sprefix=ba%2Caps%2C283&ref=sr_pg_2,Gear Classic 20L Faux Leather Water Resistant Anti Theft Laptop Bag/Backpack for Men/Women-Brown,,,,,,,,
1675355308-221,https://www.amazon.in/s?k=bags&page=5&crid=2M096C61O4MLT&qid=1675352188&sprefix=ba%2Caps%2C283&ref=sr_pg_2,Gear Triumph 26L Water Resistant School Bag//Backpack/College Bag for Men/Women - Navy Blue,,,,,,,,
1675355308-222,https://www.amazon.in/s?k=bags&page=5&crid=2M096C61O4MLT&qid=1675352188&sprefix=ba%2Caps%2C283&ref=sr_pg_2,"Priority Disney Marvel Spiderman 25 litres Grey School Bag | Casual Backpack for Boys & Girls, Kid's Backpack",,,,,,,,
1675355308-223,https://www.amazon.in/s?k=bags&page=5&crid=2M096C61O4MLT&qid=1675352188&sprefix=ba%2Caps%2C283&ref=sr_pg_2,Wesley Xenon Laptop Bag,,,,,,,,
1675355308-224,https://www.amazon.in/s?k=bags&page=5&crid=2M096C61O4MLT&qid=1675352188&sprefix=ba%2Caps%2C283&ref=sr_pg_2,"Lunar's Unisex 50L Water Resistant Office/Travel/Business Laptop Backpack, Bag for up to 17.3 inch Laptop/MacBook with rain Cover and 2 Large compartments",,,,,,,,
1675355308-225,https://www.amazon.in/s?k=bags&page=5&crid=2M096C61O4MLT&qid=1675352188&sprefix=ba%2Caps%2C283&ref=sr_pg_2,American Tourister KAMILIANT Polypropylene Hard 68 cms Luggage (LG4 (0) 00 002_Crimson)(46×68×28) cm Travel Bag,,,,,,,,
1675355308-226,https://www.amazon.in/s?k=bags&page=5&crid=2M096C61O4MLT&qid=1675352188&sprefix=ba%2Caps%2C283&ref=sr_pg_2,"WILD MODA Women's Shoulder Bag, Set of 1",,,,,,,,
1675355314-227,https://www.amazon.in/s?k=bags&page=4&crid=2M096C61O4MLT&qid=1675352188&sprefix=ba%2Caps%2C283&ref=sr_pg_2,"FUR JADEN Anti Theft Number Lock Backpack Bag with 15.6 Inch Laptop Compartment, USB Charging Port & Organizer Pocket for Men Women Boys Girls",,,,,,,,
1675355314-228,https://www.amazon.in/s?k=bags&page=4&crid=2M096C61O4MLT&qid=1675352188&sprefix=ba%2Caps%2C283&ref=sr_pg_2,NETTIE Cotton Carry Bag with Strap and Drawstring for Yoga Mat- Big Size,,,,,,,,
1675355314-229,https://www.amazon.in/s?k=bags&page=4&crid=2M096C61O4MLT&qid=1675352188&sprefix=ba%2Caps%2C283&ref=sr_pg_2,Lino Perros leatherette Tote Bag,,,,,,,,
1675355314-230,https://www.amazon.in/s?k=bags&page=4&crid=2M096C61O4MLT&qid=1675352188&sprefix=ba%2Caps%2C283&ref=sr_pg_2,Wildcraft Turnaround Polyester 14 inch 27 Ltrs Blue Laptop Bag (8903340000000),,,,,,,,
1675355314-231,https://www.amazon.in/s?k=bags&page=4&crid=2M096C61O4MLT&qid=1675352188&sprefix=ba%2Caps%2C283&ref=sr_pg_2,"Dell Pro Slim Backpack 15 - PO1520PS - Fits Most laptops up to 38.1 cm (15 inches, Black)",,,,,,,,
1675355314-232,https://www.amazon.in/s?k=bags&page=4&crid=2M096C61O4MLT&qid=1675352188&sprefix=ba%2Caps%2C283&ref=sr_pg_2,SAFARI 15 Ltrs Sea Blue Casual/School/College Backpack (DAYPACKNEO15CBSEB),,,,,,,,
1675355314-233,https://www.amazon.in/s?k=bags&page=4&crid=2M096C61O4MLT&qid=1675352188&sprefix=ba%2Caps%2C283&ref=sr_pg_2,Lenovo Slim Everyday Backpack,,,,,,,,
1675355314-234,https://www.amazon.in/s?k=bags&page=4&crid=2M096C61O4MLT&qid=1675352188&sprefix=ba%2Caps%2C283&ref=sr_pg_2,Bennett™ Mystic 15.6 inch (39.6cm) Laptop Briefcase Shoulder Sling Office Business Professional Travel Messenger Bag for Men and Women Water Repellent Formal Executive Bags (Grey) 6 Months Warranty,,,,,,,,
1675355314-235,https://www.amazon.in/s?k=bags&page=4&crid=2M096C61O4MLT&qid=1675352188&sprefix=ba%2Caps%2C283&ref=sr_pg_2,"POLESTAR Vintage 15.6 inch 32 LTR Casual Laptop Backpack/Office Bag/School Bag/College Bag/Business Bag/Unisex Backpack , Water Resistant and Light Weight, 1 year Warranty",,,,,,,,
1675355314-236,https://www.amazon.in/s?k=bags&page=4&crid=2M096C61O4MLT&qid=1675352188&sprefix=ba%2Caps%2C283&ref=sr_pg_2,"SIDRUM DSLR/SLR Camera Shoulder Bag Case with Adjustable Shoulder Strap & Rain Cover, Compatible for Nikon, Canon, Sony Mirrorless Cameras - Waterproof - Breathable - Anti Shock (Orange-Black-Large)",,,,,,,,
1675355314-237,https://www.amazon.in/s?k=bags&page=4&crid=2M096C61O4MLT&qid=1675352188&sprefix=ba%2Caps%2C283&ref=sr_pg_2,Amazon Brand - Eden & Ivy Women's Sling Bag,,,,,,,,
1675355314-238,https://www.amazon.in/s?k=bags&page=4&crid=2M096C61O4MLT&qid=1675352188&sprefix=ba%2Caps%2C283&ref=sr_pg_2,"SHALIMAR large capacity Travel bag / Storage bag / Move-in bags/ Duffel Bag - Strong, Durable , Foldable and Water Resistant ( Pack of 1 ) ( Blue )",,,,,,,,
1675355314-239,https://www.amazon.in/s?k=bags&page=4&crid=2M096C61O4MLT&qid=1675352188&sprefix=ba%2Caps%2C283&ref=sr_pg_2,"Genie Glitter Backpack for Women - 3 compartments, Laptop Bags for Girls, Stylish and Trendy College Backpacks for Girls, Water Resistant and Lightweight Bags for Office and Travelling Purpose.",,,,,,,,
1675355314-240,https://www.amazon.in/s?k=bags&page=4&crid=2M096C61O4MLT&qid=1675352188&sprefix=ba%2Caps%2C283&ref=sr_pg_2,"Mi Step Out 12 L Mini Backpack (Small Size, Red, Water Repellant)",,,,,,,,
1675355314-241,https://www.amazon.in/s?k=bags&page=4&crid=2M096C61O4MLT&qid=1675352188&sprefix=ba%2Caps%2C283&ref=sr_pg_2,"Motherly Diaper Bags for Mom Travel Basic Edition (Navy Blue,Pack of 1)",,,,,,,,
1675355325-242,https://www.amazon.in/s?k=bags&page=3&crid=2M096C61O4MLT&qid=1675352188&sprefix=ba%2Caps%2C283&ref=sr_pg_2,NIVIA Beast Gym Bag-4 Polyester/Unisex Gym Bags/Shoulder Bag for Men & Women with Separate Shoes Compartment/Carry Gym Accessories/Fitness Bag/Sports & Travel Bag/Sports Kit (Black),,,,,,,,
1675355325-243,https://www.amazon.in/s?k=bags&page=3&crid=2M096C61O4MLT&qid=1675352188&sprefix=ba%2Caps%2C283&ref=sr_pg_2,Gear Polyester 74 Cms Duffle Bag(Dufcrstng0406_Grey),,,,,,,,
1675355325-244,https://www.amazon.in/s?k=bags&page=3&crid=2M096C61O4MLT&qid=1675352188&sprefix=ba%2Caps%2C283&ref=sr_pg_2,Skybags Brat Sea Green 46 Cms Casual Backpack,,,,,,,,
1675355325-245,https://www.amazon.in/s?k=bags&page=3&crid=2M096C61O4MLT&qid=1675352188&sprefix=ba%2Caps%2C283&ref=sr_pg_2,PETRICE Multifunctional Travel Bag Extra Large Makeup Organiser with Hook (Navy Blue),,,,,,,,
1675355325-246,https://www.amazon.in/s?k=bags&page=3&crid=2M096C61O4MLT&qid=1675352188&sprefix=ba%2Caps%2C283&ref=sr_pg_2,Red Lemon Swiss Cut Design Medium 26 L Laptop Backpack Outdoor Backpack fits 15.6 inch Multifunctional Laptop Bag Backpack for Men and Women with USB port Anti Theft Travel Backpack,,,,,,,,
1675355325-247,https://www.amazon.in/s?k=bags&page=3&crid=2M096C61O4MLT&qid=1675352188&sprefix=ba%2Caps%2C283&ref=sr_pg_2,F Gear String 11 Ltrs Nylon Black Gym Bag,,,,,,,,
1675355325-248,https://www.amazon.in/s?k=bags&page=3&crid=2M096C61O4MLT&qid=1675352188&sprefix=ba%2Caps%2C283&ref=sr_pg_2,"ZANIC'S Large Capacity Cosmetic Travel Bag, Women's Makeup Travel Bag Portable Leather Cosmetics Bag, Makeup Storage Bags with Handle and Divider, Wide Opening Cosmetic/Makeup Organizer Bags (Pink)",,,,,,,,
1675355325-249,https://www.amazon.in/s?k=bags&page=3&crid=2M096C61O4MLT&qid=1675352188&sprefix=ba%2Caps%2C283&ref=sr_pg_2,"SIDRUM WF-18 DSLR/SLR Camera Shoulder Bag Case with Adjustable Shoulder Strap & Rain Cover, Compatible for Nikon, Canon, Sony Mirrorless Cameras - Waterproof - Breathable - Anti Shock (Orange-Black)",,,,,,,,
1675355325-250,https://www.amazon.in/s?k=bags&page=3&crid=2M096C61O4MLT&qid=1675352188&sprefix=ba%2Caps%2C283&ref=sr_pg_2,Boldfit Waist Bag for Men Travel Bag for Men Chest Bag for Men Travel Fanny Pack for Men Waist Bag for Women Side Bag for Men Travel Accessories / Pouch / Hand Purse. Mobile Bag / Money Bag - Black,,,,,,,,
1675355325-251,https://www.amazon.in/s?k=bags&page=3&crid=2M096C61O4MLT&qid=1675352188&sprefix=ba%2Caps%2C283&ref=sr_pg_2,NIVIA Deflate Round 01 Polyester Gym Bag/Unisex Gym Bags/Adjustable Shoulder Bag for Men/Duffle Gym Bags for Men/Carry Gym Accessories/Fitness Bag/Sports &Travel Bag/Gym kit Bag,,,,,,,,
1675355325-252,https://www.amazon.in/s?k=bags&page=3&crid=2M096C61O4MLT&qid=1675352188&sprefix=ba%2Caps%2C283&ref=sr_pg_2,Auxter Faux Leather 23 Cms Duffle Bag(Aux_Gb_Le_Black -Se__0521_Black),,,,,,,,
1675355325-253,https://www.amazon.in/s?k=bags&page=3&crid=2M096C61O4MLT&qid=1675352188&sprefix=ba%2Caps%2C283&ref=sr_pg_2,"LuvLap Baby Breast Milk Storage Bags (Pack of 50), BPA Free Disposable Milk Freezer Bags for Breast Feeding, Transparent",,,,,,,,
1675355325-254,https://www.amazon.in/s?k=bags&page=3&crid=2M096C61O4MLT&qid=1675352188&sprefix=ba%2Caps%2C283&ref=sr_pg_2,Baggit Women Hobo Handbag (ROSE),,,,,,,,
1675355325-255,https://www.amazon.in/s?k=bags&page=3&crid=2M096C61O4MLT&qid=1675352188&sprefix=ba%2Caps%2C283&ref=sr_pg_2,"Fur Jaden 55 LTR Rucksack Travel Backpack Bag for Trekking, Hiking with Shoe Compartment",,,,,,,,
1675355325-256,https://www.amazon.in/s?k=bags&page=3&crid=2M096C61O4MLT&qid=1675352188&sprefix=ba%2Caps%2C283&ref=sr_pg_2,F Gear Raider 30 Liter Backpack with Rain Cover (.Marpat Navy Digital Camo),,,,,,,,
1675355330-257,https://www.amazon.in/s?k=bags&page=2&crid=2M096C61O4MLT&qid=1675352188&sprefix=ba%2Caps%2C283&ref=sr_pg_2,Half Moon 35 ltrs (33 cms)backpack(Navy Laptop Bags_navy blue),,,,,,,,
1675355330-258,https://www.amazon.in/s?k=bags&page=2&crid=2M096C61O4MLT&qid=1675352188&sprefix=ba%2Caps%2C283&ref=sr_pg_2,"Safari Quill Laptop Backpack 26 Ltrs Water Resistant Fabric - Black, L (QUILL19CBBLK)",,,,,,,,
1675355330-259,https://www.amazon.in/s?k=bags&page=2&crid=2M096C61O4MLT&qid=1675352188&sprefix=ba%2Caps%2C283&ref=sr_pg_2,"Mi Step Out 12 L Mini Backpack (Small Size, Dark Blue, Water Repellant)",,,,,,,,
1675355330-260,https://www.amazon.in/s?k=bags&page=2&crid=2M096C61O4MLT&qid=1675352188&sprefix=ba%2Caps%2C283&ref=sr_pg_2,Sfane polyester 23 cms Duffle Bag(BG - 05 HALF LTSHOE COMPTT_grey),,,,,,,,
1675355330-261,https://www.amazon.in/s?k=bags&page=2&crid=2M096C61O4MLT&qid=1675352188&sprefix=ba%2Caps%2C283&ref=sr_pg_2,"INOVERA Faux Leather Women Handbags Shoulder Hobo Bag Purse With Long Strap, 32L x 13B x 30H cm",,,,,,,,
1675355330-262,https://www.amazon.in/s?k=bags&page=2&crid=2M096C61O4MLT&qid=1675352188&sprefix=ba%2Caps%2C283&ref=sr_pg_2,Gear Aspire 30L Water Restant Office Laptop Bag/Backpack for Men/Women/(Black),,,,,,,,
1675355330-263,https://www.amazon.in/s?k=bags&page=2&crid=2M096C61O4MLT&qid=1675352188&sprefix=ba%2Caps%2C283&ref=sr_pg_2,NIVIA Basic Duffle Polyester Bag/Gym Bags/Adjustable Shoulder Bag for Men/Duffle Gym Bags for Men/Fitness Bag/Carry Bags/Sports & Travel Bag/Sports Kit/Duffle Bags Travel,,,,,,,,
1675355330-264,https://www.amazon.in/s?k=bags&page=2&crid=2M096C61O4MLT&qid=1675352188&sprefix=ba%2Caps%2C283&ref=sr_pg_2,Lavie Sport Lino Large Size 63 cms Wheel Duffle Bag for Travel | Travel Bag with Trolley,,,,,,,,
1675355330-265,https://www.amazon.in/s?k=bags&page=2&crid=2M096C61O4MLT&qid=1675352188&sprefix=ba%2Caps%2C283&ref=sr_pg_2,Lunar's Bingo - 48 L Laptop Office/School/Travel/Business Backpack Water Resistant - Fits Up to 15.6 Inch Laptop Notebook with 1 Year Warranty,,,,,,,,
1675355330-266,https://www.amazon.in/s?k=bags&page=2&crid=2M096C61O4MLT&qid=1675352188&sprefix=ba%2Caps%2C283&ref=sr_pg_2,Half Moon Large 37L Laptop Bag Backpack for men? Women Boys and Girls Luggage Travel Bags with 17.3 inches Laptop Compartment & Rain Cover,,,,,,,,
1675355330-267,https://www.amazon.in/s?k=bags&page=2&crid=2M096C61O4MLT&qid=1675352188&sprefix=ba%2Caps%2C283&ref=sr_pg_2,F Gear Luxur Brown 25 liter Laptop Backpack (2404),,,,,,,,
1675355330-268,https://www.amazon.in/s?k=bags&page=2&crid=2M096C61O4MLT&qid=1675352188&sprefix=ba%2Caps%2C283&ref=sr_pg_2,Wesley Spartan Unisex Travel Hiking Laptop Bag fits Upto 17.3 inch with Raincover and Internal Organiser Backpack Rucksack College Bag,,,,,,,,
1675355330-269,https://www.amazon.in/s?k=bags&page=2&crid=2M096C61O4MLT&qid=1675352188&sprefix=ba%2Caps%2C283&ref=sr_pg_2,"LuvLap Baby Breast Milk Storage Bags (Pack of 25), BPA Free Disposable Milk Freezer Bags for Breast Feeding, Transparent",,,,,,,,
1675355330-270,https://www.amazon.in/s?k=bags&page=2&crid=2M096C61O4MLT&qid=1675352188&sprefix=ba%2Caps%2C283&ref=sr_pg_2,Wesley Ignite Casual Waterproof Laptop Backpack/Office Bag/School Bag/College Bag/Business Bag/Travel Backpack (Dimensions:13x18.5 inches) (Compatible with 39.62cm(15.6inch laptop),,,,,,,,
1675355330-271,https://www.amazon.in/s?k=bags&page=2&crid=2M096C61O4MLT&qid=1675352188&sprefix=ba%2Caps%2C283&ref=sr_pg_2,American Tourister Casual Backpack,,,,,,,,
1675355336-272,https://www.amazon.in/s?k=bags&page=1&crid=2M096C61O4MLT&qid=1675352188&sprefix=ba%2Caps%2C283&ref=sr_pg_2,Wesley Milestone 2.0 Casual Waterproof Laptop Backpack/Office Bag/School Bag/College Bag/Business Bag/Travel Backpack (Dimensions:13x18 inches) (Compatible with 39.62cm(15.6inch laptop) 30 L (Blue & black),,,,,,,,
1675355336-273,https://www.amazon.in/s?k=bags&page=1&crid=2M096C61O4MLT&qid=1675352188&sprefix=ba%2Caps%2C283&ref=sr_pg_2,ADISA 15.6 inch Laptop Backpack Office Bag College Travel Back Pack 32 Ltrs (z-Navy Blue),,,,,,,,
1675355336-274,https://www.amazon.in/s?k=bags&page=1&crid=2M096C61O4MLT&qid=1675352188&sprefix=ba%2Caps%2C283&ref=sr_pg_2,Skybags Brat Black 46 Cms Casual Backpack,,,,,,,,
1675355336-275,https://www.amazon.in/s?k=bags&page=1&crid=2M096C61O4MLT&qid=1675352188&sprefix=ba%2Caps%2C283&ref=sr_pg_2,"Safari Flash Casual Backpack, 26 ltr Water Resistant Travel Bags| Weight Polyester Bagpack for Men and Women, Spacious Shoulder Bag for College, Office, Travelling and Camping",,,,,,,,
1675355336-276,https://www.amazon.in/s?k=bags&page=1&crid=2M096C61O4MLT&qid=1675352188&sprefix=ba%2Caps%2C283&ref=sr_pg_2,"Wesley Unisex Milestone Casual Waterproof Laptop Office School College Business Travel Backpack 25 L (Dimensions: 12.5x18 inches) (Compatible with 15.6 inch laptops), Navy Blue",,,,,,,,
1675355336-277,https://www.amazon.in/s?k=bags&page=1&crid=2M096C61O4MLT&qid=1675352188&sprefix=ba%2Caps%2C283&ref=sr_pg_2,Fur Jaden Brown Textured Leatherette Stylish & Spacious Weekender Duffle Bag for Travel,,,,,,,,
1675355336-278,https://www.amazon.in/s?k=bags&page=1&crid=2M096C61O4MLT&qid=1675352188&sprefix=ba%2Caps%2C283&ref=sr_pg_2,"Mi Step Out 12 L Mini Backpack (Small Size, Black, Water Repellant)",,,,,,,,
1675355336-279,https://www.amazon.in/s?k=bags&page=1&crid=2M096C61O4MLT&qid=1675352188&sprefix=ba%2Caps%2C283&ref=sr_pg_2,Skybags Polypropylene 46 Cms Travel Bag(DFACN1BLU_Blue),,,,,,,,
1675355336-280,https://www.amazon.in/s?k=bags&page=1&crid=2M096C61O4MLT&qid=1675352188&sprefix=ba%2Caps%2C283&ref=sr_pg_2,ADISA Light Weight Laptop Backpack 32 Ltrs,,,,,,,,
1675355336-281,https://www.amazon.in/s?k=bags&page=1&crid=2M096C61O4MLT&qid=1675352188&sprefix=ba%2Caps%2C283&ref=sr_pg_2,"Safari Spartan 21 Ltrs Water Resistant Backpack - Blue, S (SPARTAN19CBBLU)",,,,,,,,
1675355336-282,https://www.amazon.in/s?k=bags&page=1&crid=2M096C61O4MLT&qid=1675352188&sprefix=ba%2Caps%2C283&ref=sr_pg_2,Half Moon Large 37L Laptop Bag Backpack for men? Women Boys and Girls Luggage Travel Bags with 17.3 inches Laptop Compartment & Rain Cover,,,,,,,,
1675355336-283,https://www.amazon.in/s?k=bags&page=1&crid=2M096C61O4MLT&qid=1675352188&sprefix=ba%2Caps%2C283&ref=sr_pg_2,Northzone Casual Waterproof Laptop Backpack/Office Bag/School Bag/College Bag/Business Bag/Travel Backpack (Dimensions:13x18 inches) (Compatible with 39.62cm(15.6inch laptop) 30 L,,,,,,,,
1675355336-284,https://www.amazon.in/s?k=bags&page=1&crid=2M096C61O4MLT&qid=1675352188&sprefix=ba%2Caps%2C283&ref=sr_pg_2,"AirCase Laptop Bag Backpack Case Pouch for Laptop Backpack for Men & Women,Premium Vegan Leather",,,,,,,,
1675355336-285,https://www.amazon.in/s?k=bags&page=1&crid=2M096C61O4MLT&qid=1675352188&sprefix=ba%2Caps%2C283&ref=sr_pg_2,ADISA Laptop Backpack 31 Ltrs,,,,,,,,
1675355336-286,https://www.amazon.in/s?k=bags&page=1&crid=2M096C61O4MLT&qid=1675352188&sprefix=ba%2Caps%2C283&ref=sr_pg_2,DEIN KLEIDER Men's Nylon Messenger Bag,,,,,,,,
